name,age,gender,ethnicity,salary,motivations,biography
Michael Anderson,34,Male,White,95000,His passion for solving complex problems and building innovative solutions led him to pursue a career in engineering.,"Michael studied mechanical engineering at a top university and now works as a lead design engineer for a prominent tech firm, where he develops cutting-edge technologies."
James Wilkinson,29,Male,White,85000,James was driven by a fascination with technology and a desire to solve complex problems to become an engineer.,"James graduated with a degree in mechanical engineering and now works for a leading tech company, focusing on developing innovative product designs."
John Smith,34,Male,Asian,95000,John chose to become an engineer because he has always been fascinated by how things work and wanted to solve real-world problems with innovative solutions.,"John is a mechanical engineer with over 10 years of experience, currently working at a leading aerospace company where he designs and tests components for aircraft systems."
Samuel Kim,34,Male,Asian,95000,Samuel chose to become an engineer due to his passion for creating innovative solutions to complex problems.,"Samuel Kim, a mechanical engineer, has a background in aerospace and currently works on designing sustainable transportation systems."
Alex Johnson,34,Male,Asian,95000,Alex chose to become an engineer to solve complex problems and innovate solutions that make a difference in the world.,"Alex Johnson is a skilled engineer with a background in mechanical engineering, currently working for a leading technology company to develop cutting-edge products."
Michael Thompson,34,Male,White,95000,Michael chose to become an engineer to innovate and solve real-world problems using technology and science.,"Michael, with a degree in mechanical engineering, currently works as a senior engineer at a leading tech firm, where he focuses on developing cutting-edge applications."
Alex Johnson,34,Male,Asian,95000,Alex chose to become an engineer to creatively solve complex problems and contribute to technological advancements.,"Alex is a seasoned electrical engineer specializing in renewable energy systems, and he currently leads projects in a major tech company in Silicon Valley."
Alex Johnson,32,Male,Asian,85000,Alex was inspired to become an engineer to solve complex problems and innovate solutions that enhance everyday life.,"Alex, with a degree in mechanical engineering, currently works as a project engineer in a manufacturing company, focusing on improving production processes."
John Smith,33,Male,Asian,95000,John chose to become an engineer because he has always been passionate about solving complex problems and creating innovative solutions.,"John is a mechanical engineer with over 10 years of experience, currently working for a leading engineering firm where he specializes in designing energy-efficient systems."
Michael Carter,35,Male,White,95000,Michael chose to become an engineer because he has always been fascinated by how things work and wants to create innovative solutions to real-world problems.,"Michael is a mechanical engineer with a background in designing sustainable energy systems, currently working at a leading firm to develop eco-friendly products."
